plate,pitcher base,banana,orange,cracker box,chips_bag,coffee,fruits_juice,pig_doll,penguin_doll,airplane_toy,truck_toy,tooth paste,towel,treatments,bath slipper
living,0.275743707,0.275684932,0.26146789,0.23447205,0.303191489,0.421568627,0.443661972,0.193379791,0.358695652,0.365546218,0.508810573,0.596534653,0.001984127,0.310422961,0.001872659,0.053082192
kitchen,0.699084668,0.549657534,0.735474006,0.76242236,0.675531915,0.547619048,0.514084507,0.75087108,0.001552795,0.00140056,0.046255507,0.051980198,0.101190476,0.461480363,0.020599251,0.053082192
bedroom,0.001144165,0.155821918,0.001529052,0.001552795,0.019503546,0.029411765,0.041247485,0.054006969,0.638198758,0.631652661,0.420704846,0.324257426,0.001984127,0.114048338,0.020599251,0.104452055
bathroom,0.02402746,0.018835616,0.001529052,0.001552795,0.00177305,0.00140056,0.001006036,0.00174216,0.001552795,0.00140056,0.024229075,0.027227723,0.89484127,0.114048338,0.956928839,0.789383562
